name,ring,quadrant,isNew,status,description
Agile Testing,Adopt,Techniques,FALSE,No Change,"Testing aproach integrated into agile development cycles. Emphasises continuous testing, early feedback, and collaboration between development and testing teams."
Test-Driven Development,Adopt,Techniques,FALSE,No Change,"Development practice where tests are written before code implementation. Improves code quality and provides living documentation for system behaviour."
Continuous Integration,Adopt,Techniques,FALSE,No Change,"Practice of frequently integrating code changes with automated testing. Essential for maintaning code quality and enabling rapid delivery cycles."
Shift-Left Testing,Adopt,Techniques,FALSE,Moved In,"Testing strategy moving testing activities earlier in development cycle. Critical for catching defects early and reducting overall testing costs."
Risk-Based Testing,Adopt,Techniques,FALSE,No Change,"Testing approach prioritizing test efforts based on risk assesment. Efficent method for optimizing testing resources and coverage."
Exploratory Testing,Adopt,Techniques,FALSE,No Change,"Testing approach emphasizing simultanous learning, test design, and execution. Essential complement to automated testing strategys."
Code Review,Adopt,Techniques,FALSE,No Change,"Practice of systematically examining code changes before integration. Essential for maintaining code quality and sharing knowlege across teams."
DevOps Culture,Adopt,Techniques,FALSE,Moved In,"Cultural and organizational approach emphasising collaboration between development and operations. Essential for continous delivery and system reliability."
Infrastructure as Code,Adopt,Techniques,FALSE,Moved In,"Practice of managing infrastructure through code rather than manual processes. Essential for consistent and repeatable infrastructure deployemnts."
Feature Flags,Adopt,Techniques,FALSE,Moved In,"Technique for toggling features on/off without code deployment. Essential for continious deployment and A/B testing strategies."
A/B Testing,Adopt,Techniques,FALSE,No Change,"Method of comparing two versions to determine which performs better. Critical technique for data-driven product development decisisons."
User Experience Testing,Adopt,Techniques,FALSE,No Change,"Testing approach focusing on user interaction and satisfaction with applications. Essential for building user-centric digital products."
Accessibility Testing,Adopt,Techniques,FALSE,Moved In,"Testing approach ensuring applications are useable by people with disabilities. Legal requirement and ethical imperative for inclusive design."
Security Testing,Adopt,Techniques,FALSE,No Change,"Testing approach identifying security vulnerabilitys in applications. Critical practice for protecting user data and maintaining system integrity."
Performance Testing,Adopt,Techniques,FALSE,No Change,"Testing approach validating system performance under various load conditions. Essential for ensuring application scalibility and user experience."
API Testing,Adopt,Techniques,FALSE,No Change,"Testing approach validating application programming interfaces for functionality and reliability. Essential for service-oriented and microservices architechures."
Mobile Testing,Adopt,Techniques,FALSE,No Change,"Testing approach adressing unique challenges of mobile applications. Critical for ensuring quality across different devices and operating systems."
Cross-Browser Testing,Adopt,Techniques,FALSE,No Change,"Testing approach ensuring web applications work consistantly across different browsers. Essential for reaching diverse user bases with web applications."
Regression Testing,Adopt,Techniques,FALSE,No Change,"Testing approach validating that existing functionality continues working after changes. Fundamental practice for maintaining system stability."
Smoke Testing,Adopt,Techniques,FALSE,No Change,"Testing approach validating basic functionality after deployment or build. Essential practice for quickly identifing critical issues."
Integration Testing,Adopt,Techniques,FALSE,No Change,"Testing approach validating interactions between integrated components or services. Critical for ensuring system components work together corectly."
Unit Testing,Adopt,Techniques,FALSE,No Change,"Testing approach validating individual components in isolation. Fundamental practice for ensuring code quality and enabling refactorring."
End-to-End Testing,Adopt,Techniques,FALSE,No Change,"Testing approach validating complete user workflows through application. Essential for ensuring user senarios work as expected."
Microservices Architecture,Adopt,Techniques,FALSE,No Change,"Architectural approach breaking applications into small, independant services. Essential pattern for building scalable and maintainable systems."
API-First Design,Adopt,Techniques,FALSE,Moved In,"Development approach prioritising API design before implementation. Essential for building integrable and client-agnostic services."
Database Testing,Adopt,Techniques,FALSE,No Change,"Testing approach validating data integrity, triggers, and database operations. Critical for data-driven applications and system reliabilty."
Load Testing,Adopt,Techniques,FALSE,No Change,"Testing technique that validates system behavior under expected load conditions. Essential for ensuring application can handle production trafic volumes."
Stress Testing,Adopt,Techniques,FALSE,No Change,"Testing technique that evaluates system behavior beyond normal operating capacity. Critical for understanding system breaking points and recovery capabilitys."
Behavior-Driven Development,Trial,Techniques,FALSE,No Change,"Development approach using natural language specifications for test cases. Valuable for improving comunication between stakeholders and developers."
Domain-Driven Design,Trial,Techniques,FALSE,No Change,"Software design approach focusing on complex domain modeling. Valuable for large enterprise applications with complex buisness logic."
Site Reliability Engineering,Trial,Techniques,FALSE,Moved In,"Discipline combining software engineering and systems administration for reliable services. Growing adoption for managing large-scale distributed systems."
Blue-Green Deployment,Trial,Techniques,FALSE,No Change,"Deployment strategy reducing downtime and risk by maintaining two identical enviroments. Effective pattern for zero-downtime deployments."
Canary Deployment,Trial,Techniques,FALSE,No Change,"Deployment strategy gradually rolling out changes to subset of users. Risk mitigation technique for production deployemnts."
Contract Testing,Trial,Techniques,TRUE,New,"Testing approach validating interfaces between services meet agreed specifications. Growing importance for microservices and API-driven architechtures."
Visual Regression Testing,Trial,Techniques,FALSE,Moved In,"Testing approach detecting unintended visual changes in user interfaces. Growing importance for maintaining consistant user experience."
Component Testing,Trial,Techniques,TRUE,New,"Testing approach focusing on individual UI components in isolation. Emerging practice for component-based frontend architechtures."
Pair Programming,Trial,Techniques,FALSE,No Change,"Development practice where two programmers work together on same code. Efective for knowledge sharing and code quality improvement."
Mob Programming,Trial,Techniques,FALSE,No Change,"Development practice where entire team works on same code simultanously. Effective for complex problem solving and knowledge transfer."
Test Data Management,Trial,Techniques,FALSE,Moved In,"Practice of creating and maintaining test data for various testing senarios. Growing importance for ensuring comprehensive test coverage."
Service Virtualization,Trial,Techniques,FALSE,No Change,"Technique for simulating unavailable or difficult-to-access systems during testing. Valuable for testing in complex distributed enviroments."
Chaos Engineering,Assess,Techniques,TRUE,New,"Practice of experimenting on distributed systems to build confidence in system resilence. Emerging practice for improving system reliability."
GitOps,Trial,Techniques,TRUE,New,"Operational framework using Git repositories as single source of truth for infrastructure and applications. Growing adoption for Kubernetes deployemnts."
Event-Driven Architecture,Trial,Techniques,TRUE,Moved In,"Architectural pattern using events for comunication between system components. Growing importance for building reactive and scalable systems."
Serverless Architecture,Trial,Techniques,TRUE,Moved In,"Architecture pattern using cloud functions instead of traditional servers. Growing adoption for cost-efective and scalable applications."
Mutation Testing,Assess,Techniques,FALSE,No Change,"Testing approach evaluating test suite quality by introducing code changes. Advanced technique for improving test efectiveness."
Property-Based Testing,Assess,Techniques,FALSE,No Change,"Testing approach using generated test cases based on propertys. Advanced technique for finding edge cases in complex systems."
Synthetic Monitoring,Trial,Techniques,TRUE,New,"Testing technique that continuously monitors application behavior using automated scripts. Growing importance for proactive issue detection."
Security by Design,Trial,Techniques,TRUE,Moved In,"Development approach incorporating security considerations from initial design phase. Essential practice for building secure applications."
Privacy by Design,Assess,Techniques,TRUE,New,"Design approach incorporating privacy protection into system architechture. Growing importance due to regulatory requirements and user expectations."
Test Automation Pyramid,Adopt,Techniques,FALSE,No Change,"Testing strategy balancing different types of automated tests. Fundamental concept for efficent test automation architecture."
Continuous Testing,Adopt,Techniques,FALSE,No Change,"Testing approach providing immediate feedback on business risks in software releases. Essential for continous delivery pipelines."
Test Environment Management,Trial,Techniques,FALSE,Moved In,"Practice of provisioning and managing test enviroments efficiently. Critical for enabling parallel testing and reducing botlenecks."
Data-Driven Testing,Adopt,Techniques,FALSE,No Change,"Testing approach using external data sources to drive test execution. Essential for comprehensive test coverage with multiple data senarios."
Keyword-Driven Testing,Trial,Techniques,FALSE,No Change,"Testing approach using keywords to represent actions and test steps. Useful for enabling non-technical stakeholders to create tests."
Page Object Model,Adopt,Techniques,FALSE,No Change,"Design pattern for creating maintainable UI automation tests. Essential pattern for scaleable web application test automation."
Screenplay Pattern,Trial,Techniques,FALSE,Moved In,"Advanced design pattern for behavior-driven test automation. Modern alternative to Page Object Model with better maintainabilty."
Headless Testing,Trial,Techniques,FALSE,Moved In,"Testing approach running browsers without graphical interface for faster execution. Growing adoption for CI/CD pipeline optimisation."
Cross-Platform Testing,Adopt,Techniques,FALSE,No Change,"Testing approach ensuring application works across different platforms and devices. Essential for modern multi-platform applications."
Compatibility Testing,Adopt,Techniques,FALSE,No Change,"Testing approach validating application works with different software and hardware configurations. Critical for ensuring broad user accesibility."
Usability Testing,Adopt,Techniques,FALSE,No Change,"Testing approach evaluating user experience and interface design efectiveness. Essential for creating user-friendly applications."
Localization Testing,Trial,Techniques,FALSE,No Change,"Testing approach validating application works correctly in different languages and regions. Important for global applications."
Compliance Testing,Trial,Techniques,FALSE,Moved In,"Testing approach ensuring applications meet regulatory and industry standards. Critical for applications in regulated industrys."
Penetration Testing,Trial,Techniques,FALSE,No Change,"Security testing approach simulating real-world attacks on applications. Essential for identifying security vulnerabilitys."
Vulnerability Assessment,Trial,Techniques,FALSE,No Change,"Systematic evaluation of security weaknesses in applications and infrastructure. Fundamental practice for maintaining security poscher."
Code Coverage Analysis,Adopt,Techniques,FALSE,No Change,"Technique measuring how much code is executed during testing. Essential metric for evaluating test completness."
Static Code Analysis,Adopt,Techniques,FALSE,No Change,"Technique analyzing source code without executing it to find potential issues. Essential practice for maintaining code qualaty."
Dynamic Code Analysis,Trial,Techniques,FALSE,No Change,"Technique analyzing application behavior during runtime execution. Valuable for finding issues not detectible through static analysis."
Memory Leak Testing,Trial,Techniques,FALSE,No Change,"Testing approach identifying memory management issues in applications. Critical for ensuring application stability and performence."
Scalability Testing,Trial,Techniques,FALSE,Moved In,"Testing approach evaluating system ability to scale up or down. Essential for cloud-native and distributed applications."
Volume Testing,Trial,Techniques,FALSE,No Change,"Testing approach validating system behavior with large amounts of data. Important for data-intensive applications."
Endurance Testing,Trial,Techniques,FALSE,No Change,"Testing approach validating system stability over extended periods. Critical for applications requiring high avalability."
Recovery Testing,Trial,Techniques,FALSE,No Change,"Testing approach validating system ability to recover from failures. Essential for ensuring business continuaty."
Failover Testing,Trial,Techniques,FALSE,No Change,"Testing approach validating backup system activation during primary system failure. Critical for high-availability systems."
Disaster Recovery Testing,Trial,Techniques,FALSE,No Change,"Testing approach validating complete system recovery procedures. Essential for business continuity planing."
Boundary Value Testing,Adopt,Techniques,FALSE,No Change,"Testing technique focusing on input values at boundarys of equivalence classes. Fundamental technique for finding edge case defects."
Equivalence Partitioning,Adopt,Techniques,FALSE,No Change,"Testing technique dividing input data into equivalent classes. Essential technique for efficent test case design."
Decision Table Testing,Trial,Techniques,FALSE,No Change,"Testing technique using tables to explore combinations of inputs and outputs. Efective for testing complex business rules."
State Transition Testing,Trial,Techniques,FALSE,No Change,"Testing technique validating system behavior during state changes. Important for testing stateful applications and workflows."
Use Case Testing,Adopt,Techniques,FALSE,No Change,"Testing approach based on user senarios and system interactions. Essential for ensuring system meets user requirements."
Scenario Testing,Adopt,Techniques,FALSE,No Change,"Testing approach using realistic user scenarios to validate system behavior. Critical for ensuring user experience qualaty."
Negative Testing,Adopt,Techniques,FALSE,No Change,"Testing approach using invalid inputs to validate error handling. Essential for ensuring application robustnes."
Positive Testing,Adopt,Techniques,FALSE,No Change,"Testing approach using valid inputs to validate expected system behavior. Fundamental technique for functional validashon."
Black Box Testing,Adopt,Techniques,FALSE,No Change,"Testing approach without knowledge of internal system structure. Essential technique for user-focused testing."
White Box Testing,Adopt,Techniques,FALSE,No Change,"Testing approach with full knowledge of internal system structure. Important technique for thorough code coverege."
Gray Box Testing,Trial,Techniques,FALSE,No Change,"Testing approach combining black box and white box techniques. Efective balance between user focus and technical depth."
Acceptance Testing,Adopt,Techniques,FALSE,No Change,"Testing approach validating system meets business requirements and user needs. Final validation before system deployement."
AWS,Adopt,Platforms,FALSE,No Change,"Leading cloud platform providing comprehensive infrastructure and managed services. Primary choice for enterprise cloud migrations and scaleable solutions."
Microsoft Azure,Adopt,Platforms,FALSE,No Change,"Microsoft's cloud computing platform integrated with enterprise software ecosystem. Strong choice for organizations using Microsoft technologys."
Google Cloud Platform,Trial,Platforms,FALSE,Moved In,"Google's cloud computing platform with strong AI/ML capabilitys. Emerging choice for data-intensive applications and machine learning workloads."
Docker,Adopt,Platforms,FALSE,No Change,"Containerization platform enabling consistent development and deployment enviroments. Critical for microservices architecture and CI/CD pipelines."
Kubernetes,Adopt,Platforms,FALSE,No Change,"Container orchestration platform for managing scaleable applications. Essential for enterprise-grade deployments and cloud-native architechtures."
Redis,Adopt,Platforms,FALSE,No Change,"In-memory data structure store used for caching and session management. Essential for high-performence applications requiring fast data access."
MySQL,Adopt,Platforms,FALSE,No Change,"Reliable relational database management system. Continued relevance for web applications and data-driven solutons."
PostgreSQL,Adopt,Platforms,FALSE,Moved In,"Advanced relational database with excellent JSON support and extensibility. Growing preference for complex data requirements."
MongoDB,Trial,Platforms,FALSE,No Change,"Document-oriented NoSQL database for flexible data models. Useful for applications with evolving schemas and rapid prototypng."
Elasticsearch,Trial,Platforms,FALSE,No Change,"Search and analytics engine for handling large volumes of data. Valuable for applications requiring complex search capabilitys."
Apache Kafka,Trial,Platforms,FALSE,Moved In,"Distributed streaming platform for handling real-time data feeds. Growing importance for event-driven architechtures and data integration."
RabbitMQ,Trial,Platforms,FALSE,No Change,"Message broker for handling asynchronous comunication between services. Reliable choice for microservices communication patterns."
NGINX,Adopt,Platforms,FALSE,No Change,"High-performance web server and reverse proxy. Essential for load balancing and serving static content in web applications."
Apache HTTP Server,Hold,Platforms,FALSE,Moved Out,"Traditional web server with extensive module support. While still functional, NGINX provides better performence for modern applications."
Salesforce,Adopt,Platforms,FALSE,No Change,"Leading customer relationship management platform. Essential for customer management solutions and business process automashon."
ServiceNow,Trial,Platforms,FALSE,Moved In,"Enterprise service management platform for IT and business processes. Growing adoption for digital workflow automation."
SharePoint,Trial,Platforms,FALSE,No Change,"Microsoft collaboration platform for document management and team sites. Important for organizations using Microsoft ecosistem."
Office 365,Adopt,Platforms,FALSE,No Change,"Microsoft's cloud-based productivity suite. Essential platform for business comunication and collaboration."
Google Workspace,Trial,Platforms,FALSE,No Change,"Google's cloud-based productivity and collaboration platform. Alternative to Office 365 for organizations preferring Google ecosistem."
Atlassian Cloud,Trial,Platforms,FALSE,No Change,"Cloud-based suite of development and collaboration tools. Integrated solution for software development lifecycle managemnt."
VMware vSphere,Trial,Platforms,FALSE,No Change,"Virtualization platform for managing virtual machines and infrastructure. Important for on-premises infrastructure managemnt."
Hyper-V,Trial,Platforms,FALSE,No Change,"Microsoft's virtualization platform integrated with Windows Server. Relevant for Windows-centric infrastructure enviroments."
OpenStack,Assess,Platforms,FALSE,No Change,"Open-source cloud computing platform for building private clouds. Alternative for organizations requiring private cloud infrastrucure."
Apache Spark,Trial,Platforms,FALSE,Moved In,"Unified analytics engine for large-scale data processing. Essential platform for big data analytics and machine learning workloads."
Hadoop,Hold,Platforms,FALSE,Moved Out,"Distributed storage and processing framework for big data. Being superseded by more modern data processing platforms."
Cassandra,Trial,Platforms,FALSE,No Change,"Distributed NoSQL database designed for handling large amounts of data. Suitable for applications requiring high avalability and scalability."
Apache Airflow,Trial,Platforms,FALSE,Moved In,"Platform for developing, scheduling, and monitoring workflows. Growing adoption for data pipeline orchestrashon and automation."
Jenkins,Trial,Platforms,FALSE,Moved Out,"Open-source automation server for building CI/CD pipelines. While mature and feature-rich, newer alternatives are gaining preference."
GitLab,Trial,Platforms,FALSE,No Change,"DevOps platform providing source code management and CI/CD capabilitys. Good alternative to GitHub with built-in DevOps features."
GitHub,Adopt,Platforms,FALSE,No Change,"Leading platform for version control and collaboration. Essential for source code managemnt and open-source development."
Bitbucket,Trial,Platforms,FALSE,No Change,"Git repository management solution with integrated CI/CD. Popular choice for teams using Atlassian ecosistem."
Azure DevOps,Trial,Platforms,FALSE,No Change,"Microsoft's DevOps platform providing integrated development lifecycle tools. Good choice for organizations already invested in Microsoft ecosistem."
CircleCI,Trial,Platforms,FALSE,No Change,"Cloud-based continuous integration and delivery platform. Popular choice for teams preferring managed CI/CD solutons."
Travis CI,Hold,Platforms,FALSE,Moved Out,"Hosted continuous integration service for GitHub projects. Declining adoption in favor of GitHub Actions and other alternativs."
Heroku,Trial,Platforms,FALSE,Moved Out,"Cloud platform as a service supporting several programming languages. Good choice for rapid prototyping and small applications."
Netlify,Trial,Platforms,FALSE,Moved In,"Cloud platform for deploying and hosting static websites and serverless functions. Popular choice for JAMstack applications."
Vercel,Trial,Platforms,FALSE,Moved In,"Cloud platform optimized for frontend frameworks and static sites. Growing adoption for React and Next.js applications."
DigitalOcean,Trial,Platforms,FALSE,No Change,"Cloud infrastructure provider focused on simplicity and developer experience. Good alternative for small to medium applications."
Linode,Trial,Platforms,FALSE,No Change,"Cloud computing platform providing virtual private servers and infrastructure. Alternative cloud provider with competitive pricng."
Vultr,Assess,Platforms,FALSE,No Change,"High-performance cloud computing platform. Growing alternative for developers seeking performence-focused infrastructure."
IBM Cloud,Trial,Platforms,FALSE,No Change,"IBM's cloud computing platform with strong enterprise integration capabilitys. Relevant for organizations using IBM enterprise software."
Oracle Cloud,Trial,Platforms,FALSE,No Change,"Oracle's cloud computing platform with strong database and enterprise application support. Important for Oracle-centric enviroments."
Alibaba Cloud,Assess,Platforms,FALSE,Moved In,"Leading cloud platform in Asia with global expansion. Growing importance for organizations with Asian market presense."
Snowflake,Trial,Platforms,FALSE,Moved In,"Cloud-based data warehouse platform optimized for analytics. Growing adoption for data warehousing and business inteligence."
Databricks,Trial,Platforms,FALSE,Moved In,"Unified analytics platform for big data and machine learning. Growing importance for organizations implementing data science workflows."
Tableau Server,Trial,Platforms,FALSE,No Change,"Enterprise data visualization platform for sharing dashboards and reports. Important for business inteligence and data analytics initiatives."
Power BI,Trial,Platforms,FALSE,Moved In,"Microsoft's business intelligence platform integrated with Office ecosystem. Growing adoption for data visualisashon and reporting."
Splunk,Trial,Platforms,FALSE,No Change,"Platform for searching, monitoring, and analyzing machine-generated data. Important for log analysis and system monitrong."
Dynatrace,Trial,Platforms,FALSE,Moved In,"Application performance monitoring platform with AI-powered insights. Growing adoption for comprehensive application observabilty."
New Relic,Trial,Platforms,FALSE,No Change,"Application performance monitoring platform for cloud and on-premises applications. Established choice for application monitrong."
Datadog,Trial,Platforms,FALSE,Moved In,"Monitoring and analytics platform for cloud applications and infrastructure. Growing adoption for unified observabilty."
PagerDuty,Trial,Platforms,FALSE,No Change,"Incident management platform for coordinating response to system issues. Essential for maintaining system reliabilty and uptime."
Slack,Adopt,Platforms,FALSE,No Change,"Team communication platform essential for remote collaboration. Primary choice for internal team comunication and integrations."
Microsoft Teams,Adopt,Platforms,FALSE,No Change,"Collaboration platform integrated with Microsoft Office suite. Important for clients using Microsoft ecosistem and hybrid work."
Zoom,Adopt,Platforms,FALSE,No Change,"Video conferencing platform for meetings and webinars. Essential tool for distributed teams and client comunication."
Confluence,Trial,Platforms,FALSE,No Change,"Team collaboration and documentation platform from Atlassian. Popular choice for maintaining project documentation and knowledge sharng."
Notion,Trial,Platforms,FALSE,Moved In,"All-in-one workspace for notes, tasks, and collaboration. Growing adoption for team documentation and project managemnt."
Airtable,Trial,Platforms,FALSE,No Change,"Cloud collaboration service combining spreadsheet and database functionality. Useful for project tracking and data managemnt."
Monday.com,Trial,Platforms,FALSE,No Change,"Work operating system for project management and team collaboration. Growing alternative to traditional project managemnt tools."
Asana,Trial,Platforms,FALSE,No Change,"Work management platform for organizing and tracking team projects. Popular choice for agile project managemnt and task tracking."
Trello,Trial,Platforms,FALSE,Moved Out,"Visual project management tool using kanban boards. Simple and efective tool for small team collaboration and task management."
ClickUp,Trial,Platforms,FALSE,Moved In,"All-in-one productivity platform combining project management and collaboration tools. Growing adoption as comprehensive work managemnt solution."
Linear,Assess,Platforms,TRUE,New,"Modern issue tracking and project management tool for software teams. Emerging alternative to traditional project managemnt platforms."
GitHub Copilot,Assess,Platforms,TRUE,New,"AI-powered code completion tool integrated with development enviroments. Emerging technology for enhancing developer productivty."
OpenAI Platform,Assess,Platforms,TRUE,New,"Cloud platform providing access to large language models and AI capabilitys. Growing importance for integrating AI into applications."
Hugging Face,Assess,Platforms,TRUE,New,"Platform for sharing and deploying machine learning models. Growing importance for natural language processing and AI developmnt."
TensorFlow Serving,Trial,Platforms,FALSE,No Change,"Platform for serving machine learning models in production. Important for organizations deploying AI/ML solutons at scale."
MLflow,Trial,Platforms,FALSE,Moved In,"Open-source platform for managing machine learning lifecycle. Growing adoption for ML experiment tracking and model deployemnt."
Kubeflow,Trial,Platforms,FALSE,No Change,"Machine learning toolkit for Kubernetes. Growing importance for organizations running ML workloads on Kubernetes."
Apache Superset,Trial,Platforms,FALSE,Moved In,"Modern data exploration and visualization platform. Open-source alternative to commercial business inteligence tools."
Grafana,Trial,Platforms,FALSE,No Change,"Open-source platform for monitoring and observability with customizable dashboards. Essential for visualizing metrics and system performence."
Prometheus,Trial,Platforms,FALSE,Moved In,"Open-source monitoring system with dimensional data model. Growing adoption for cloud-native application monitrong."
Jaeger,Trial,Platforms,FALSE,No Change,"Open-source distributed tracing system for monitoring microservices. Important for debugging and performance analysis in distributed systems."
Zipkin,Trial,Platforms,FALSE,No Change,"Distributed tracing system for troubleshooting latency problems in service architechtures. Alternative to Jaeger for tracing implementation."
Consul,Assess,Platforms,FALSE,No Change,"Service discovery and configuration management platform. Useful for microservices architechtures requiring dynamic service discovery."
Vault,Trial,Platforms,FALSE,Moved In,"Tool for securely accessing secrets and protecting sensitive data. Growing importance for managing credentials and encrypshon keys."
Terraform,Adopt,Platforms,FALSE,No Change,"Infrastructure as code tool for building, changing, and versioning infrastructure safely. Essential for managing cloud resources consistantly."
Pulumi,Assess,Platforms,TRUE,New,"Infrastructure as code platform using familiar programming languages. Modern alternative to traditional infrastructure automashon tools."
Ansible,Trial,Platforms,FALSE,No Change,"Automation platform for configuration management, application deployment, and task automashon. Popular choice for infrastructure automation."
Chef,Hold,Platforms,FALSE,Moved Out,"Configuration management platform for infrastructure automation. Declining adoption in favor of simpler alternativs."
Puppet,Hold,Platforms,FALSE,Moved Out,"Configuration management platform for automating infrastructure provisioning. Legacy choice with declining market adopshon."
SaltStack,Hold,Platforms,FALSE,Moved Out,"Infrastructure automation and configuration management platform. Less popular alternative to Ansible and other tools."
Keycloak,Trial,Platforms,FALSE,No Change,"Open-source identity and access management solution for modern applications and services. Alternative to commercial identity provders."
Auth0,Trial,Platforms,FALSE,No Change,"Identity-as-a-Service platform for authentication and authorization. Popular choice for implementing secure authenticationin applications."
Okta,Trial,Platforms,FALSE,No Change,"Enterprise identity management platform providing single sign-on and multi-factor authentication. Comprehensive solution for identity governence."
Selenium WebDriver,Adopt,Tools,FALSE,No Change,"Industry-standard web application testing framework supporting multiple browsers and languages. Essential for automated UI testing across platforms."
Cypress,Adopt,Tools,FALSE,No Change,"Modern end-to-end testing framework with excellent developer experience. Built-in wait mechanisms and real-time browser preview ideal for agile workflows."
Playwright,Trial,Tools,FALSE,Moved In,"Modern browser automation framework supporting multiple browsers with better performence. Emerging as strong alternative to Selenium."
Appium,Adopt,Tools,FALSE,No Change,"Open-source mobile application testing framework supporting iOS and Android. Essential for cross-platform mobile test automashon strategies."
Jest,Adopt,Tools,FALSE,No Change,"Comprehensive JavaScript testing framework with built-in mocking and assertion capabilitys. Default choice for unit testing JavaScript applications."
TestNG,Trial,Tools,FALSE,No Change,"Testing framework for Java applications with advanced features like parallel execution. Good alternative to JUnit for complex testing senarios."
JUnit,Adopt,Tools,FALSE,No Change,"Fundamental unit testing framework for Java applications. Essential tool for test-driven developmnt in Java ecosystem."
Mockito,Adopt,Tools,FALSE,No Change,"Mocking framework for Java unit tests enabling isolated testing. Essential tool for creating maintainable unit tests in Java applications."
Postman,Adopt,Tools,FALSE,No Change,"Comprehensive API development and testing platform. Essential for API testing, documentation, and collaboration between developmnt teams."
Insomnia,Trial,Tools,FALSE,No Change,"API testing and development platform with clean interface. Good alternative to Postman for API developmnt and testing."
REST Assured,Trial,Tools,FALSE,No Change,"Java library for testing REST web services with domain-specific language. Excellent choice for API testing in Java projects."
SoapUI,Trial,Tools,FALSE,No Change,"Functional testing tool for SOAP and REST web services. Comprehensive solution for API testing with advanced feautures."
Apache JMeter,Adopt,Tools,FALSE,No Change,"Performance testing tool for web applications and services. Industry standard for load testing and performence validation."
LoadRunner,Trial,Tools,FALSE,Moved Out,"Enterprise performance testing platform for large-scale applications. Comprehensive but expensive solution for performence testing."
k6,Trial,Tools,FALSE,Moved In,"Modern load testing tool using JavaScript for test scripts. Developer-friendly alternative to traditional performence testing tools."
Gatling,Trial,Tools,FALSE,No Change,"High-performance load testing framework with detailed reporting. Excellent for testing high-load senarios with comprehensive analytics."
Artillery,Trial,Tools,FALSE,No Change,"Modern load testing toolkit for applications and APIs. Lightweight alternative to traditional performence testing tools."
BlazeMeter,Trial,Tools,FALSE,No Change,"Cloud-based performance testing platform compatible with JMeter scripts. Scaleable solution for large-scale performence testing."
Jira,Adopt,Tools,FALSE,No Change,"Project management and issue tracking tool widely used in software developmnt. Industry standard for agile project management."
Azure Test Plans,Trial,Tools,FALSE,No Change,"Test management tool integrated with Azure DevOps ecosistem. Good choice for teams using Microsoft development tools."
TestRail,Trial,Tools,FALSE,No Change,"Test case management tool for organizing and tracking testing activiteis. Professional solution for comprehensive test management."
Xray,Trial,Tools,FALSE,No Change,"Test management tool integrated with Jira for comprehensive test lifecycle managemnt. Popular choice for teams using Atlassian tools."
qTest,Trial,Tools,FALSE,No Change,"Test management platform for agile and DevOps teams. Enterprise solution for test planing and execution tracking."
Zephyr,Trial,Tools,FALSE,No Change,"Test management solution available as Jira plugin or standalone application. Flexible tool for test case managemnt and reporting."
Git,Adopt,Tools,FALSE,No Change,"Distributed version control system essential for code managemnt. Fundamental tool for collaboration and maintaining code history."
GitHub Desktop,Trial,Tools,FALSE,No Change,"Graphical interface for Git version control system. Helpful tool for developers preferring visual Git operashons."
GitKraken,Trial,Tools,FALSE,No Change,"Cross-platform Git client with intuitive interface and advanced feautures. Popular alternative to command-line Git operations."
Sourcetree,Trial,Tools,FALSE,No Change,"Free Git client for Windows and macOS with visual interface. Good option for teams preferring graphical Git managemnt."
Visual Studio Code,Adopt,Tools,FALSE,No Change,"Lightweight but powerful code editor with excellent extension ecosistem. Primary choice for development across multiple languages."
IntelliJ IDEA,Adopt,Tools,FALSE,No Change,"Powerful integrated development environment for Java and other JVM languages. Essential for enterprise Java developmnt."
Eclipse,Hold,Tools,FALSE,Moved Out,"Traditional Java IDE with extensive plugin ecosystem. While functional, newer alternativs provide better developer experience."
PyCharm,Trial,Tools,FALSE,No Change,"Professional IDE for Python development with comprehensive feautures. Excellent choice for Python-focused development projects."
WebStorm,Trial,Tools,FALSE,No Change,"Professional IDE for JavaScript development with advanced debugging and testing feautures. Strong choice for web development projects."
Sublime Text,Trial,Tools,FALSE,No Change,"Sophisticated text editor with powerful features and customization options. Lightweight alternative to full IDEs for text editng."
Atom,Hold,Tools,FALSE,Moved Out,"Hackable text editor for the 21st century. Discontinued by GitHub in favor of other editors."
Notepad++,Hold,Tools,FALSE,Moved Out,"Free source code editor for Windows with syntax highlighting. Basic tool superseded by more modern alternativs."
Docker Desktop,Adopt,Tools,FALSE,No Change,"Desktop application for building and managing containerized applications. Essential tool for local container developmnt and testing."
Vagrant,Trial,Tools,FALSE,Moved Out,"Tool for building and managing virtual machine enviroments. Useful for creating consistent development environments."
VirtualBox,Trial,Tools,FALSE,No Change,"Open-source virtualization software for creating virtual machines. Free alternative to commercial virtualizashon solutions."
VMware Workstation,Trial,Tools,FALSE,No Change,"Professional virtualization software for creating and managing virtual machines. Comprehensive solution for complex virtualizashon needs."
Wireshark,Trial,Tools,FALSE,No Change,"Network protocol analyzer for troubleshooting and analyzing network trafic. Essential tool for network debugging and security analysis."
Fiddler,Trial,Tools,FALSE,No Change,"Web debugging proxy for logging HTTP traffic between applications and servers. Useful for API testing and web application debuging."
Charles Proxy,Trial,Tools,FALSE,No Change,"Cross-platform HTTP proxy for monitoring network traffic and debugging applications. Professional tool for web and mobile app testing."
OWASP ZAP,Adopt,Tools,FALSE,No Change,"Security testing proxy for finding vulnerabilities in web applications. Essential open-source tool for security testing workflows."
Burp Suite,Trial,Tools,FALSE,No Change,"Web application security testing platform with comprehensive scanning capabilitys. Professional-grade tool for security assessment."
Nessus,Trial,Tools,FALSE,No Change,"Vulnerability assessment tool for identifying security weaknesses in systems. Valuable for infrastructure security testing and complience."
Nmap,Trial,Tools,FALSE,No Change,"Network discovery and security auditing tool. Essential for network reconnaissance and security assesments."
Metasploit,Trial,Tools,FALSE,No Change,"Penetration testing framework for finding and exploiting vulnerabilities. Important tool for security testing and ethical haking."
Kali Linux,Trial,Tools,FALSE,No Change,"Penetration testing Linux distribution with pre-installed security tools. Comprehensive platform for security testing and reseach."
SonarQube,Adopt,Tools,FALSE,No Change,"Code quality analysis platform detecting bugs, vulnerabilities, and code smells. Essential for maintaining code quality standars."
ESLint,Adopt,Tools,FALSE,No Change,"JavaScript linting utility for identifying and reporting code paterns. Essential tool for maintaining JavaScript code quality."
Prettier,Adopt,Tools,FALSE,No Change,"Code formatter for consistent code styling across projects. Important tool for maintaining code readabilty and consistency."
Black,Trial,Tools,FALSE,Moved In,"Python code formatter for consistent code styling. Growing adoption for Python project code formating."
Checkstyle,Trial,Tools,FALSE,No Change,"Java code style checker for enforcing coding standards. Useful tool for maintaining consistant Java code quality."
PMD,Trial,Tools,FALSE,No Change,"Source code analyzer for Java, JavaScript, and other languages. Helpful for identifing potential programming issues."
SpotBugs,Trial,Tools,FALSE,No Change,"Static analysis tool for finding bugs in Java programs. Successor to FindBugs for Java code qualaty analysis."
Codecov,Trial,Tools,FALSE,No Change,"Code coverage reporting tool integrated with version control systems. Useful for tracking test coverege across projects."
Coveralls,Trial,Tools,FALSE,No Change,"Web service for tracking code coverage over time. Alternative to Codecov for coverage reportng and analysis."
Newman,Trial,Tools,FALSE,No Change,"Command-line collection runner for Postman API tests. Essential for integrating Postman tests into CI/CD piplines."
WireMock,Trial,Tools,FALSE,No Change,"Tool for mocking HTTP services during testing. Valuable for testing applications dependant on external services."
MockServer,Trial,Tools,FALSE,No Change,"Tool for mocking HTTP and HTTPS services during testing. Comprehensive solution for service virtualizashon."
Pact,Trial,Tools,TRUE,New,"Contract testing framework ensuring service compatibility. Growing adoption for microservices testing and API contract validashon."
Hoverfly,Trial,Tools,FALSE,No Change,"Lightweight service virtualization tool for creating realistic service simulashons. Useful for testing in complex distributed environments."
TestContainers,Trial,Tools,FALSE,Moved In,"Java library for integrating containerized dependencies in automated tests. Excellent for integration testing with real dependencys."
Cucumber,Trial,Tools,FALSE,No Change,"Behavior-driven development framework using Gherkin syntax for natural language specifications. Useful for colaborative test specification."
SpecFlow,Trial,Tools,FALSE,No Change,".NET implementation of Cucumber for behavior-driven development in Microsoft ecosistem. Good choice for .NET teams adopting BDD."
Behave,Trial,Tools,FALSE,No Change,"Python behavior-driven development framework similar to Cucumber. Good choice for Python teams implementing BDD practises."
Robot Framework,Trial,Tools,FALSE,No Change,"Generic test automation framework using keyword-driven aproach. Good for teams preferring natural language test descriptions."
Gauge,Trial,Tools,FALSE,No Change,"Cross-platform test automation tool with markdown-based test specifications. Modern alternative to traditional test automashon frameworks."
Karate,Trial,Tools,FALSE,Moved In,"Test automation framework combining API testing, mocks, and performance testing. Comprehensive solution for web service testing."
TestComplete,Trial,Tools,FALSE,No Change,"Commercial automated testing platform for desktop, web, and mobile applications. Comprehensive but expensive GUI testing soluton."
Ranorex,Trial,Tools,FALSE,No Change,"Commercial test automation platform supporting multiple application types. Alternative to open-source tools with comercial support."
Katalon Studio,Trial,Tools,FALSE,No Change,"Automated testing platform combining multiple testing approaches in integrated solution. Good option for comprehensive testing neds."
LambdaTest,Trial,Tools,FALSE,Moved In,"Cloud-based cross-browser testing platform for web applications. Useful for testing across multiple browser and OS combinashons."
BrowserStack,Trial,Tools,FALSE,No Change,"Cloud platform for testing web applications across real browsers and devices. Essential for comprehensive cross-browser testing."
Sauce Labs,Trial,Tools,FALSE,No Change,"Cloud-based testing platform for web and mobile applications. Alternative to BrowserStack for cross-platform testing neds."
Percy,Trial,Tools,FALSE,Moved In,"Visual testing and review platform for catching visual regressions. Growing adoption for maintaining consistant user interfaces."
Chromatic,Trial,Tools,FALSE,No Change,"Visual testing tool for Storybook components and applications. Excellent for component-based visual regresson testing."
Applitools,Trial,Tools,FALSE,No Change,"AI-powered visual testing platform for applications. Advanced solution for visual validashon and user experience testing."
Mabl,Trial,Tools,FALSE,Moved In,"AI-native test automation platform for web applications. Emerging solution combining machine learning with test automashon."
Testim,Trial,Tools,FALSE,No Change,"AI-powered test automation platform with self-healing tests. Modern approach to reducing test maintenence overhead."
Functionize,Assess,Tools,TRUE,New,"AI-driven test automation platform using machine learning. Emerging technology for inteligent test creation and maintenance."
Allure,Trial,Tools,FALSE,No Change,"Test reporting framework providing detailed test execution reports. Excellent for creating comprehensive test documentashon and analytics."
ExtentReports,Trial,Tools,FALSE,No Change,"Reporting library for test automation frameworks. Good alternative for creating detailed test execution reports and dashbords."
ReportPortal,Trial,Tools,FALSE,Moved In,"AI-powered test automation dashboard for real-time reporting and analytics. Modern solution for test result analysys."
TestNG Reports,Trial,Tools,FALSE,No Change,"Built-in reporting capability of TestNG framework. Basic but functional reporting for TestNG-based test suites."
Grafana,Trial,Tools,FALSE,No Change,"Open-source platform for monitoring and observability dashboards. Essential for visualizing testing metrics and system performence."
Jenkins,Trial,Tools,FALSE,Moved Out,"Open-source automation server for building CI/CD pipelines. While mature and feature-rich, newer alternativs gaining preference."
GitHub Actions,Trial,Tools,FALSE,Moved In,"CI/CD platform integrated with GitHub repositories. Growing adoption for its simplicity and tight source code integrasion."
GitLab CI/CD,Trial,Tools,FALSE,No Change,"Continuous integration and deployment capabilitys built into GitLab. Comprehensive DevOps solution within single platform."
CircleCI,Trial,Tools,FALSE,No Change,"Cloud-based continuous integration and delivery platform. Popular choice for teams preferring managed CI/CD solutons."
Azure Pipelines,Trial,Tools,FALSE,No Change,"Cloud-based CI/CD service supporting multiple languages and platforms. Good choice for Microsoft ecosistem integration."
AWS CodePipeline,Trial,Tools,FALSE,No Change,"Continuous integration and continuous delivery service for AWS. Native choice for AWS-centric developmnt workflows."
TeamCity,Trial,Tools,FALSE,No Change,"JetBrains' build management and continuous integration server. Professional solution for complex build and deployemnt needs."
Bamboo,Trial,Tools,FALSE,No Change,"Atlassian's continuous integration and deployment tool. Good choice for teams using other Atlassian prodcts."
Travis CI,Hold,Tools,FALSE,Moved Out,"Hosted continuous integration service for GitHub projects. Declining adoption in favor of GitHub Actions and alternativs."
Buildkite,Trial,Tools,FALSE,No Change,"Continuous integration platform running builds on your own infrastructure. Good choice for teams requiring build enviroment control."
React,Adopt,Languages & Frameworks,FALSE,No Change,"Popular JavaScript library for building user interfaces with component-based architecture. Excellent ecosistem and community support."
Angular,Trial,Languages & Frameworks,FALSE,No Change,"Comprehensive framework for building web applications with TypeScript. Good choice for enterprise applications requiring structre."
Vue.js,Trial,Languages & Frameworks,FALSE,Moved In,"Progressive JavaScript framework for building user interfaces. Excellent balance between React's flexibility and Angular's structre."
Node.js,Adopt,Languages & Frameworks,FALSE,No Change,"JavaScript runtime enabling full-stack development with same language. Excellent for building scaleable network applications."
Express.js,Adopt,Languages & Frameworks,FALSE,No Change,"Minimal Node.js web framework for building APIs and web applications. Essential for JavaScript-based backend developmnt."
Next.js,Trial,Languages & Frameworks,FALSE,Moved In,"React framework with server-side rendering and static generation. Growing adoption for production-ready React applications."
Nuxt.js,Trial,Languages & Frameworks,FALSE,No Change,"Vue.js framework with server-side rendering capabilitys. Good choice for Vue-based applications requiring SSR."
Gatsby,Trial,Languages & Frameworks,FALSE,Moved Out,"Static site generator based on React for building fast websites. Excellent for content-heavy sites requiring performence."
Svelte,Assess,Languages & Frameworks,TRUE,New,"Compile-time web framework for building user interfaces with better performence. Emerging alternative to React and Vue."
SvelteKit,Assess,Languages & Frameworks,TRUE,New,"Application framework powered by Svelte with full-stack capabilitys. Modern alternative to traditional web frameworks."
Spring Boot,Adopt,Languages & Frameworks,FALSE,No Change,"Java framework for building production-ready applications quickly. Excellent choice for microservices and enterprise backend developmnt."
Spring Framework,Adopt,Languages & Frameworks,FALSE,No Change,"Comprehensive programming and configuration model for Java applications. Foundation for enterprise Java developmnt."
Hibernate,Adopt,Languages & Frameworks,FALSE,No Change,"Object-relational mapping framework for Java applications. Essential for database operations in Java enterprise applications."
MyBatis,Trial,Languages & Frameworks,FALSE,No Change,"Persistence framework for Java with focus on SQL mapping. Alternative to Hibernate for SQL-centric database operashons."
.NET Core,Adopt,Languages & Frameworks,FALSE,No Change,"Cross-platform framework for building modern applications. Strong choice for enterprise applications and cloud-native developmnt."
ASP.NET Core,Adopt,Languages & Frameworks,FALSE,No Change,"Web framework for building modern web applications and APIs. Essential for web developmnt in Microsoft ecosystem."
Entity Framework,Adopt,Languages & Frameworks,FALSE,No Change,"Object-relational mapping framework for .NET applications. Primary choice for database operations in .NET ecosistem."
Blazor,Trial,Languages & Frameworks,TRUE,Moved In,"Microsoft's framework for building interactive web UIs using C#. Growing option for .NET developers building web applications."
Django,Trial,Languages & Frameworks,FALSE,No Change,"High-level Python web framework for rapid developmnt. Excellent for content-heavy web applications and admin interfaces."
Flask,Trial,Languages & Frameworks,FALSE,No Change,"Lightweight Python web framework for building APIs and web applications. Good choice for microservices and prototype developmnt."
FastAPI,Trial,Languages & Frameworks,TRUE,Moved In,"Modern Python web framework for building APIs with automatic documentation. Growing adoption for API developmnt with Python."
Ruby on Rails,Hold,Languages & Frameworks,FALSE,Moved Out,"Web application framework emphasizing convention over configuration. Declining adoption in favor of more modern alternativs."
Laravel,Trial,Languages & Frameworks,FALSE,No Change,"PHP web framework with elegant syntax and comprehensive feautures. Modern choice for PHP web application development."
Symfony,Trial,Languages & Frameworks,FALSE,No Change,"PHP framework for building web applications and APIs. Mature alternative to Laravel with component-based architechture."
CodeIgniter,Hold,Languages & Frameworks,FALSE,Moved Out,"Lightweight PHP framework with small footprint. Legacy choice with declining adoption in favor of modern alternativs."
Go,Trial,Languages & Frameworks,FALSE,Moved In,"Simple and efficient programming language for building scaleable systems. Growing adoption for microservices and cloud infrastructure."
Gin,Trial,Languages & Frameworks,FALSE,No Change,"HTTP web framework for Go programming language. Lightweight choice for building REST APIs and web services in Go."
Echo,Trial,Languages & Frameworks,FALSE,No Change,"High-performance minimalist web framework for Go. Alternative to Gin for Go web application developmnt."
Rust,Assess,Languages & Frameworks,TRUE,Moved In,"Systems programming language focused on safety and performence. Emerging interest for high-performance applications."
Actix,Assess,Languages & Frameworks,TRUE,New,"Actor framework for Rust programming language. Emerging choice for building concurrent applications in Rust."
Kotlin,Trial,Languages & Frameworks,FALSE,Moved In,"Modern programming language for JVM with improved syntax over Java. Growing adoption for Android developmnt and server applications."
Swift,Trial,Languages & Frameworks,FALSE,No Change,"Apple's programming language for iOS and macOS developmnt. Essential for native iOS application development projects."
Flutter,Trial,Languages & Frameworks,FALSE,Moved In,"Google's UI toolkit for building cross-platform applications. Growing adoption for mobile and web application developmnt."
Dart,Trial,Languages & Frameworks,FALSE,Moved In,"Programming language developed by Google for Flutter applications. Essential for Flutter-based cross-platform developmnt."
React Native,Trial,Languages & Frameworks,FALSE,No Change,"Framework for building mobile applications using React. Popular choice for cross-platform mobile developmnt."
Xamarin,Hold,Languages & Frameworks,FALSE,Moved Out,"Microsoft's cross-platform mobile development framework. Being superseded by .NET MAUI and other modern alternativs."
Ionic,Trial,Languages & Frameworks,FALSE,No Change,"Framework for building hybrid mobile applications using web technologys. Alternative approach to native mobile development."
Cordova,Hold,Languages & Frameworks,FALSE,Moved Out,"Platform for building mobile apps using HTML, CSS, and JavaScript. Being superseded by more modern alternativs."
Electron,Trial,Languages & Frameworks,FALSE,No Change,"Framework for building desktop applications using web technologys. Popular for cross-platform desktop application development."
Tauri,Assess,Languages & Frameworks,TRUE,New,"Framework for building desktop applications with web frontend and Rust backend. Modern alternative to Electron."
Java,Adopt,Languages & Frameworks,FALSE,No Change,"Enterprise-grade programming language with mature ecosistem. Continued relevance for large-scale business applications."
C#,Adopt,Languages & Frameworks,FALSE,No Change,"Modern programming language for .NET ecosystem. Excellent for enterprise applications and Windows-centric enviroments."
Python,Adopt,Languages & Frameworks,FALSE,No Change,"Versatile programming language excellent for backend services, data analysis, and test automashon. Strong testing ecosystem."
JavaScript,Adopt,Languages & Frameworks,FALSE,No Change,"Essential programming language for web developmnt and increasingly backend development. Ubiquitous in modern developmnt."
TypeScript,Adopt,Languages & Frameworks,FALSE,Moved In,"Typed superset of JavaScript providing better tooling and code safety. Essential for large-scale application developmnt."
PHP,Hold,Languages & Frameworks,FALSE,Moved Out,"Server-side scripting language for web developmnt. While still used, newer alternatives provide better development experence."
Ruby,Hold,Languages & Frameworks,FALSE,Moved Out,"Dynamic programming language with focus on simplicity and productivty. Declining adoption in favor of other languages."
Scala,Trial,Languages & Frameworks,FALSE,No Change,"Programming language combining object-oriented and functional programming. Good choice for big data and functional programing."
Clojure,Assess,Languages & Frameworks,FALSE,No Change,"Dynamic programming language running on JVM with focus on functional programming. Niche choice for functional programing advocates."
F#,Assess,Languages & Frameworks,FALSE,No Change,"Functional programming language for .NET ecosystem. Growing interest for functional programing in Microsoft environments."
Haskell,Assess,Languages & Frameworks,FALSE,No Change,"Purely functional programming language with strong type system. Academic and research-focused language with niche comercial use."
Erlang,Assess,Languages & Frameworks,FALSE,No Change,"Programming language designed for concurrent, distributed, and fault-tolerant systems. Niche choice for specialized applications."
Elixir,Assess,Languages & Frameworks,FALSE,Moved In,"Dynamic programming language designed for building distributed applications. Growing interest for scaleable web applications."
Phoenix,Assess,Languages & Frameworks,FALSE,Moved In,"Web framework for Elixir programming language. Growing alternative for building real-time web applications."
R,Trial,Languages & Frameworks,FALSE,No Change,"Programming language for statistical computing and graphics. Essential for data analysis and statistical modeling projcts."
MATLAB,Trial,Languages & Frameworks,FALSE,No Change,"Programming language and environment for mathematical computing. Important for scientific and enginering applications."
SQL,Adopt,Languages & Frameworks,FALSE,No Change,"Domain-specific language for managing and querying relational databases. Fundamental skill for data-driven applications."
HTML5,Adopt,Languages & Frameworks,FALSE,No Change,"Latest version of markup language for creating web pages. Essential foundation for all web developmnt projects."
CSS3,Adopt,Languages & Frameworks,FALSE,No Change,"Latest version of style sheet language for web presentashon. Essential for modern web application styling and layout."
Sass,Adopt,Languages & Frameworks,FALSE,No Change,"CSS preprocessor adding features like variables and nesting. Essential tool for maintainable stylesheet developmnt."
Less,Trial,Languages & Frameworks,FALSE,Moved Out,"CSS preprocessor with dynamic behavior through variables and functions. Alternative to Sass for stylesheet preprocessing."
Tailwind CSS,Trial,Languages & Frameworks,FALSE,Moved In,"Utility-first CSS framework for rapidly building custom designs. Growing adoption for component-based styling aproach."
Bootstrap,Trial,Languages & Frameworks,FALSE,No Change,"CSS framework for developing responsive web applications. Mature choice for rapid UI developmnt with pre-built components."
Material-UI,Trial,Languages & Frameworks,FALSE,No Change,"React component library implementing Google's Material Design. Popular choice for React applications requiring design consistancy."
Ant Design,Trial,Languages & Frameworks,FALSE,No Change,"Design language and React component library for enterprise applications. Good choice for business application interfces."
Chakra UI,Trial,Languages & Frameworks,FALSE,Moved In,"Modular and accessible component library for React applications. Growing adoption for modern React application developmnt."
Vuetify,Trial,Languages & Frameworks,FALSE,No Change,"Vue.js component framework implementing Material Design specification. Popular choice for Vue applications requiring design sistem."
GraphQL,Trial,Languages & Frameworks,FALSE,Moved In,"Query language and runtime for APIs providing flexible data fetching. Growing adoption as alternative to REST APIs."
Apollo GraphQL,Trial,Languages & Frameworks,FALSE,No Change,"Comprehensive platform for building GraphQL APIs and client applications. Leading implementation for GraphQL adopshon."
Relay,Trial,Languages & Frameworks,FALSE,No Change,"JavaScript framework for building GraphQL-driven React applications. Facebook's approach to GraphQL integrasion."
gRPC,Trial,Languages & Frameworks,TRUE,Moved In,"High-performance RPC framework using Protocol Buffers. Growing importance for microservices comunicashon."
Apache Thrift,Assess,Languages & Frameworks,FALSE,No Change,"Cross-language service development framework. Alternative to gRPC for building scaleable cross-language services."
WebAssembly,Assess,Languages & Frameworks,TRUE,New,"Binary instruction format for high-performance web applications. Emerging technology for runing native code in browsers."
Deno,Assess,Languages & Frameworks,TRUE,New,"Secure runtime for JavaScript and TypeScript. Modern alternative to Node.js with improved security modle."
Bun,Assess,Languages & Frameworks,TRUE,New,"Fast all-in-one JavaScript runtime for building applications. Emerging alternative to Node.js focusing on performence."
Vite,Trial,Languages & Frameworks,TRUE,Moved In,"Build tool providing fast development server and optimized builds. Modern alternative to traditional bundlers for web developmnt."
Webpack,Trial,Languages & Frameworks,FALSE,No Change,"Module bundler for JavaScript applications. Established tool for building complex web applications with asset managemnt."
Rollup,Trial,Languages & Frameworks,FALSE,No Change,"Module bundler optimized for creating libraries and frameworks. Good choice for building reuseable JavaScript packages."
Parcel,Trial,Languages & Frameworks,FALSE,No Change,"Zero-configuration build tool for web applications. Simple alternative to Webpack for rapid developmnt setup."
ESBuild,Trial,Languages & Frameworks,TRUE,Moved In,"Extremely fast JavaScript bundler and minifier. Growing adoption for build performence optimization."
